company,seed_ticker,seed_year,seed_month,seed_exchange,method,sector,notes,nyt_query,twitter_query,ambiguous,query_note,cik,legal_name,sic_description,edgar_ticker,edgar_exchange,resolution_method,registration_form,registration_filed_at,listing_form,listing_filed_at,finnhub_name,finnhub_symbol,finnhub_status,finnhub_date,finnhub_match,listing_date,listing_date_source,price_available,date_flag,tier_b,tier_b_priority,exclude_reason,aliases
CoreWeave,CRWV,2025,3,Nasdaq,IPO,AI Cloud Infrastructure,Largest tech IPO since 2021,"""CoreWeave""","""CoreWeave""",False,,0001769628,"CoreWeave, Inc.",Services-Prepackaged Software,CRWV,Nasdaq,ticker in company_tickers.json,S-1,2025-03-03,8-A12B,2025-03-21,"CoreWeave, Inc.",CRWV,priced,2025-03-28,matched on symbol,2025-03-28,"Finnhub calendar, priced",True,seed month agrees with evidence,True,1,,CoreWeave
Circle Internet,CRCL,2025,6,NYSE,IPO,Crypto / Stablecoins,,"""Circle"" ""stablecoin""","""Circle Internet"" OR (""Circle"" USDC)",True,'circle' is an ordinary noun,0001876042,"Circle Internet Group, Inc.",Finance Services,CRCL,NYSE,ticker in company_tickers.json,S-1,2025-04-01,8-A12B,2025-05-27,"Circle Internet Group, Inc.",CRCL,priced,2025-06-05,matched on symbol,2025-06-05,"Finnhub calendar, priced",True,seed month agrees with evidence,True,1,,Circle Internet
Chime,CHYM,2025,6,Nasdaq,IPO,Digital Banking,,"""Chime"" ""banking""","""Chime"" (banking OR neobank OR IPO)",True,'chime' is an ordinary noun and a smart-doorbell brand,0001795586,"Chime Financial, Inc.",Finance Services,CHYM,Nasdaq,ticker in company_tickers.json,S-1,2025-05-13,8-A12B,2025-06-10,"Chime Financial, Inc.",CHYM,priced,2025-06-12,matched on symbol,2025-06-12,"Finnhub calendar, priced",True,seed month agrees with evidence,True,1,,Chime
Figma,FIG,2025,7,NYSE,IPO,Design Software,Adobe acquisition collapsed in 2023,"""Figma""","""Figma""",False,,0001579878,"Figma, Inc.",Services-Prepackaged Software,FIG,NYSE,ticker in company_tickers.json,S-1,2025-07-01,8-A12B,2025-07-22,"Figma, Inc.",FIG,priced,2025-07-31,matched on symbol,2025-07-31,"Finnhub calendar, priced",True,seed month agrees with evidence,True,1,,Figma
Firefly Aerospace,FLY,2025,8,Nasdaq,IPO,Space / Aerospace,,"""Firefly Aerospace""","""Firefly Aerospace""",False,,0001860160,Firefly Aerospace Inc.,Guided Missiles & Space Vehicles & Parts,FLY,Nasdaq,ticker in company_tickers.json,S-1,2025-07-11,8-A12B,2025-08-06,Firefly Aerospace Inc.,FLY,priced,2025-08-07,matched on symbol,2025-08-07,"Finnhub calendar, priced",True,seed month agrees with evidence,True,1,,Firefly Aerospace
Bullish,BLSH,2025,8,NYSE,IPO,Crypto Exchange,Priced at $37/share,"""Bullish"" ""exchange""","""Bullish exchange"" OR ""$BLSH""",True,'bullish' is ordinary market vocabulary,0001872195,Bullish,Finance Services,BLSH,NYSE,ticker in company_tickers.json,F-1,2025-07-18,8-A12B,2025-08-11,Bullish,BLSH,priced,2025-08-13,matched on symbol,2025-08-13,"Finnhub calendar, priced",True,seed month agrees with evidence,True,1,,Bullish
Klarna,KLAR,2025,9,NYSE,IPO,Fintech / BNPL,Priced at $40/share; Sweden,"""Klarna"" ""payments""","""Klarna"" (payments OR BNPL OR IPO)",True,'klarna' is a common Swedish verb; measured pulling Swedish sports copy,0002003292,Klarna Group plc,Finance Services,KLAR,NYSE,ticker in company_tickers.json,F-1,2025-03-14,8-A12B,2025-09-09,Klarna Group plc,KLAR,priced,2025-09-10,matched on symbol,2025-09-10,"Finnhub calendar, priced",True,seed month agrees with evidence,True,1,,Klarna
StubHub,STUB,2025,9,NYSE,IPO,Ticketing Marketplace,,"""StubHub""","""StubHub""",False,,0001337634,"StubHub Holdings, Inc.",Services-Miscellaneous Amusement & Recreation,STUB,NYSE,ticker in company_tickers.json,S-1,2025-03-21,8-A12B,2025-09-12,"StubHub Holdings, Inc.",STUB,priced,2025-09-17,matched on symbol,2025-09-17,"Finnhub calendar, priced",True,seed month agrees with evidence,True,1,,StubHub
Fervo Energy,FRVO,2026,5,Nasdaq,IPO,Geothermal Energy,~$1.89B raised; largest renewable IPO ever,"""Fervo Energy""","""Fervo Energy""",False,,0001853868,Fervo Energy Co,Electric Services,FRVO,Nasdaq,ticker in company_tickers.json,S-1,2026-04-17,8-A12B,2026-05-11,Fervo Energy Co,FRVO,priced,2026-05-13,matched on symbol,2026-05-13,"Finnhub calendar, priced",True,seed month agrees with evidence,True,1,,Fervo Energy
Cerebras Systems,CBRS,2026,5,Nasdaq,IPO,AI Chips,~$5.55B raised,"""Cerebras Systems""","""Cerebras Systems""",False,,0002021728,Cerebras Systems Inc.,Semiconductors & Related Devices,CBRS,Nasdaq,ticker in company_tickers.json,S-1,2024-09-30,8-A12B,2026-05-11,Cerebras Systems Inc.,CBRS,priced,2026-05-14,matched on symbol,2026-05-14,"Finnhub calendar, priced",True,seed month agrees with evidence,True,1,,Cerebras Systems
SpaceX,SPCX,2026,6,Nasdaq,IPO,Space / Aerospace,~$1.77T valuation; largest IPO ever completed,"""SpaceX""","""SpaceX""",False,,0001181412,SPACE EXPLORATION TECHNOLOGIES CORP,"Services-Computer Programming, Data Processing, Etc.",SPCX,Nasdaq,ticker in company_tickers.json,S-1,2026-05-20,8-A12B,2026-06-10,SPACE EXPLORATION TECHNOLOGIES CORP,SPCX,priced,2026-06-12,matched on symbol,2026-06-12,"Finnhub calendar, priced",True,seed month agrees with evidence,True,1,,SpaceX
Jersey Mike's Subs,JMKE,2026,7,NYSE,IPO,Restaurants,Priced at $23/share; ~$1B raised,"""Jersey Mike's Subs""","""Jersey Mike's Subs""",False,,0002127043,Jersey Mike's Subs Inc.,Retail-Eating  Places,JMKE,NYSE,ticker in company_tickers.json,S-1,2026-07-02,8-A12B,2026-07-30,Jersey Mike's Subs Inc.,JMKE,priced,2026-07-30,matched on symbol,2026-07-30,"Finnhub calendar, priced",True,seed month agrees with evidence,True,1,,Jersey Mike's Subs
Lyft,LYFT,2019,3,Nasdaq,IPO,Ride-hailing,,"""Lyft""","""Lyft""",False,,0001759509,"Lyft, Inc.","Services-Business Services, NEC",LYFT,Nasdaq,ticker in company_tickers.json,S-1,2019-03-01,8-A12B,2019-03-26,"LYFT, INC.",LYFT,filed,2019-03-01,matched on symbol,2019-03-01,"Finnhub calendar, status=filed (provisional)",False,seed month agrees with evidence; NOTE 8-A (2019-03-26) postdates it,True,2,,Lyft
Pinterest,PINS,2019,4,NYSE,IPO,Social Media,,"""Pinterest""","""Pinterest""",False,,0001506293,"PINTEREST, INC.","Services-Computer Programming, Data Processing, Etc.",PINS,NYSE,ticker in company_tickers.json,S-1,2019-03-22,8-A12B,2019-04-15,"PINTEREST, INC.",PINS,priced,2019-04-18,matched on symbol,2019-04-18,"Finnhub calendar, priced",False,seed month agrees with evidence,True,2,,Pinterest
Zoom,ZM,2019,4,Nasdaq,IPO,Enterprise Software,,"""Zoom"" ""video""","""Zoom"" (videoconferencing OR ""$ZM"")",True,'zoom' is an ordinary verb,0001585521,"Zoom Communications, Inc.","Services-Computer Programming, Data Processing, Etc.",ZM,Nasdaq,ticker in company_tickers.json,S-1,2019-03-22,8-A12B,2019-04-08,"ZOOM VIDEO COMMUNICATIONS, INC.",ZM,priced,2019-04-18,matched on symbol,2019-04-18,"Finnhub calendar, priced",False,seed month agrees with evidence,True,2,,Zoom
Uber,UBER,2019,5,NYSE,IPO,Ride-hailing / Delivery,,"""Uber""","""Uber""",False,,0001543151,"Uber Technologies, Inc","Services-Business Services, NEC",UBER,NYSE,ticker in company_tickers.json,S-1,2019-04-11,8-A12B,2019-05-07,"UBER TECHNOLOGIES, INC",UBER,priced,2019-05-10,matched on symbol,2019-05-10,"Finnhub calendar, priced",False,seed month agrees with evidence,True,2,,Uber
Peloton,PTON,2019,9,Nasdaq,IPO,Consumer Fitness,,"""Peloton""","""Peloton""",False,,0001639825,"PELOTON INTERACTIVE, INC.","Sporting & Athletic Goods, NEC",PTON,Nasdaq,ticker in company_tickers.json,S-1,2019-08-27,8-A12B,2019-09-19,"PELOTON INTERACTIVE, INC.",PTON,priced,2019-09-26,matched on symbol,2019-09-26,"Finnhub calendar, priced",False,seed month agrees with evidence,True,2,,Peloton
Snowflake,SNOW,2020,9,NYSE,IPO,Data / Cloud,,"""Snowflake"" ""software""","""Snowflake"" (cloud OR data OR ""$SNOW"")",True,'snowflake' is an ordinary noun and a political epithet,0001640147,Snowflake Inc.,Services-Prepackaged Software,SNOW,NYSE,ticker in company_tickers.json,S-1,2020-08-24,8-A12B,2020-09-09,Snowflake Inc.,SNOW,priced,2020-09-16,matched on symbol,2020-09-16,"Finnhub calendar, priced",False,seed month agrees with evidence,True,2,,Snowflake
Unity,U,2020,9,NYSE,IPO,Game Engine / Software,,"""Unity Software""","""Unity Software"" OR ""Unity Technologies""",True,'unity' is an ordinary noun and a common headline word,0001810806,Unity Software Inc.,Services-Prepackaged Software,U,NYSE,ticker in company_tickers.json,S-1,2020-08-24,8-A12B,2020-09-09,Unity Software Inc.,U,priced,2020-09-18,matched on symbol,2020-09-18,"Finnhub calendar, priced",False,seed month agrees with evidence,True,2,,Unity
Palantir,PLTR,2020,9,NYSE,Direct Listing,Data Analytics,,"""Palantir""","""Palantir""",False,,0001321655,Palantir Technologies Inc.,Services-Prepackaged Software,PLTR,Nasdaq,ticker in company_tickers.json,S-1,2020-08-25,8-A12B,2020-09-21,Palantir Technologies Inc.,PLTR,priced,2020-09-30,matched on symbol,2020-09-30,"Finnhub calendar, priced",False,seed month agrees with evidence,True,2,,Palantir
DoorDash,DASH,2020,12,NYSE,IPO,Delivery,,"""DoorDash""","""DoorDash""",False,,0001792789,"DoorDash, Inc.","Services-Business Services, NEC",DASH,Nasdaq,ticker in company_tickers.json,S-1,2020-11-13,8-A12B,2020-12-02,"DoorDash, Inc.",DASH,priced,2020-12-09,matched on symbol,2020-12-09,"Finnhub calendar, priced",False,seed month agrees with evidence,True,2,,DoorDash
Airbnb,ABNB,2020,12,Nasdaq,IPO,Travel / Marketplace,,"""Airbnb""","""Airbnb""",False,,0001559720,"Airbnb, Inc.",Services-To Dwellings & Other Buildings,ABNB,Nasdaq,ticker in company_tickers.json,S-1,2020-11-16,8-A12B,2020-12-08,"Airbnb, Inc.",ABNB,priced,2020-12-10,matched on symbol,2020-12-10,"Finnhub calendar, priced",False,seed month agrees with evidence,True,2,,Airbnb
Bumble,BMBL,2021,2,Nasdaq,IPO,Dating Apps,,"""Bumble"" ""dating""","""Bumble"" (dating OR app OR ""$BMBL"")",True,'bumble' is an ordinary verb,0001830043,Bumble Inc.,"Services-Computer Programming, Data Processing, Etc.",BMBL,Nasdaq,ticker in company_tickers.json,S-1,2021-01-15,8-A12B,2021-02-11,Bumble Inc.,BMBL,priced,2021-02-11,matched on symbol,2021-02-11,"Finnhub calendar, priced",False,seed month agrees with evidence,True,2,,Bumble
Roblox,RBLX,2021,3,NYSE,Direct Listing,Gaming,,"""Roblox""","""Roblox""",False,,0001315098,Roblox Corp,Services-Prepackaged Software,RBLX,NYSE,ticker in company_tickers.json,S-1,2020-11-19,8-A12B,2020-12-03,Roblox Corp,RBLX,priced,2021-03-10,matched on symbol,2021-03-10,"Finnhub calendar, priced",False,seed month agrees with evidence,True,2,,Roblox
Coupang,CPNG,2021,3,NYSE,IPO,E-commerce,South Korea,"""Coupang""","""Coupang""",False,,0001834584,"Coupang, Inc.",Retail-Catalog & Mail-Order Houses,CPNG,NYSE,ticker in company_tickers.json,S-1,2021-02-12,8-A12B,2021-02-25,"Coupang, Inc.",CPNG,priced,2021-03-11,matched on symbol,2021-03-11,"Finnhub calendar, priced",False,seed month agrees with evidence,True,2,,Coupang
Coinbase,COIN,2021,4,Nasdaq,Direct Listing,Crypto,,"""Coinbase""","""Coinbase""",False,,0001679788,"Coinbase Global, Inc.",Finance Services,COIN,Nasdaq,ticker in company_tickers.json,S-1,2021-02-25,8-A12B,2021-03-23,"Coinbase Global, Inc.",COIN,priced,2021-04-14,matched on symbol,2021-04-14,"Finnhub calendar, priced",False,seed month agrees with evidence,True,2,,Coinbase
Duolingo,DUOL,2021,7,Nasdaq,IPO,EdTech,,"""Duolingo""","""Duolingo""",False,,0001562088,"Duolingo, Inc.",Services-Prepackaged Software,DUOL,Nasdaq,ticker in company_tickers.json,S-1,2021-06-28,8-A12B,2021-07-23,"Duolingo, Inc.",DUOL,priced,2021-07-28,matched on symbol,2021-07-28,"Finnhub calendar, priced",False,seed month agrees with evidence,True,2,,Duolingo
Robinhood,HOOD,2021,7,Nasdaq,IPO,Fintech / Brokerage,,"""Robinhood""","""Robinhood""",False,,0001783879,"Robinhood Markets, Inc.","Security Brokers, Dealers & Flotation Companies",HOOD,Nasdaq,ticker in company_tickers.json,S-1,2021-07-01,8-A12B,2021-07-29,"Robinhood Markets, Inc.",HOOD,priced,2021-07-29,matched on symbol,2021-07-29,"Finnhub calendar, priced",False,seed month agrees with evidence,True,2,,Robinhood
Rivian,RIVN,2021,11,Nasdaq,IPO,Electric Vehicles,,"""Rivian""","""Rivian""",False,,0001874178,"Rivian Automotive, Inc. / DE",Motor Vehicles & Passenger Car Bodies,RIVN,Nasdaq,ticker in company_tickers.json,S-1,2021-10-01,8-A12B,2021-11-08,"Rivian Automotive, Inc. / DE",RIVN,priced,2021-11-10,matched on symbol,2021-11-10,"Finnhub calendar, priced",False,seed month agrees with evidence,True,2,,Rivian
Nu Holdings (Nubank),NU,2021,12,NYSE,IPO,Digital Banking,Brazil,"""Nu Holdings""","""Nu Holdings""",False,,0001691493,Nu Holdings Ltd.,Finance Services,NU,NYSE,ticker in company_tickers.json,F-1,2021-11-01,8-A12B,2021-12-07,Nu Holdings Ltd.,NU,priced,2021-12-09,matched on symbol,2021-12-09,"Finnhub calendar, priced",False,seed month agrees with evidence,True,2,,Nu Holdings|Nubank
Mobileye,MBLY,2022,10,Nasdaq,IPO,Autonomous Driving,Carve-out from Intel,"""Mobileye""","""Mobileye""",False,,0001910139,Mobileye Global Inc.,Services-Prepackaged Software,MBLY,Nasdaq,ticker in company_tickers.json,S-1,2022-09-30,8-A12B,2022-10-26,Mobileye Global Inc.,MBLY,priced,2022-10-26,matched on symbol,2022-10-26,"Finnhub calendar, priced",False,seed month agrees with evidence,True,2,,Mobileye
Arm Holdings,ARM,2023,9,Nasdaq,IPO,Semiconductors,Majority owned by SoftBank,"""Arm Holdings""","""Arm Holdings"" OR ""$ARM""",True,'arm' is an ordinary noun,0001973239,ARM HOLDINGS PLC /UK,Semiconductors & Related Devices,ARM,Nasdaq,ticker in company_tickers.json,F-1,2023-08-21,8-A12B,2023-09-12,ARM HOLDINGS PLC /UK,ARM,priced,2023-09-14,matched on symbol,2023-09-14,"Finnhub calendar, priced",False,seed month agrees with evidence,True,2,,Arm Holdings
Instacart (Maplebear),CART,2023,9,Nasdaq,IPO,Grocery Delivery,,"""Instacart""","""Instacart""",False,,0001579091,Maplebear Inc.,"Services-Business Services, NEC",CART,Nasdaq,ticker in company_tickers.json,S-1,2023-08-25,8-A12B,2023-09-14,Maplebear Inc.,CART,priced,2023-09-19,matched on symbol,2023-09-19,"Finnhub calendar, priced",False,seed month agrees with evidence,True,2,,Instacart|Maplebear
Klaviyo,KVYO,2023,9,NYSE,IPO,Marketing Software,,"""Klaviyo""","""Klaviyo""",False,,0001835830,"Klaviyo, Inc.",Services-Prepackaged Software,KVYO,NYSE,ticker in company_tickers.json,S-1,2023-08-25,8-A12B,2023-09-15,"Klaviyo, Inc.",KVYO,priced,2023-09-20,matched on symbol,2023-09-20,"Finnhub calendar, priced",False,seed month agrees with evidence,True,2,,Klaviyo
Birkenstock,BIRK,2023,10,NYSE,IPO,Footwear,,"""Birkenstock""","""Birkenstock""",False,,0001977102,Birkenstock Holding plc,"Footwear, (No Rubber)",BIRK,NYSE,ticker in company_tickers.json,F-1,2023-09-12,8-A12B,2023-10-10,Birkenstock Holding plc,BIRK,priced,2023-10-11,matched on symbol,2023-10-11,"Finnhub calendar, priced",False,seed month agrees with evidence,True,2,,Birkenstock
Astera Labs,ALAB,2024,3,Nasdaq,IPO,Semiconductors,,"""Astera Labs""","""Astera Labs""",False,,0001736297,"Astera Labs, Inc.",Semiconductors & Related Devices,ALAB,Nasdaq,ticker in company_tickers.json,S-1,2024-02-21,8-A12B,2024-03-15,"Astera Labs, Inc.",ALAB,priced,2024-03-20,matched on symbol,2024-03-20,"Finnhub calendar, priced",False,seed month agrees with evidence,True,2,,Astera Labs
Reddit,RDDT,2024,3,NYSE,IPO,Social Media,,"""Reddit""","""Reddit""",False,,0001713445,"Reddit, Inc.",Services-Computer Processing & Data Preparation,RDDT,NYSE,ticker in company_tickers.json,S-1,2024-02-22,8-A12B,2024-03-20,"Reddit, Inc.",RDDT,priced,2024-03-21,matched on symbol,2024-03-21,"Finnhub calendar, priced",False,seed month agrees with evidence,True,2,,Reddit
Rubrik,RBRK,2024,4,NYSE,IPO,Data Security,,"""Rubrik""","""Rubrik""",False,,0001943896,"Rubrik, Inc.",Services-Prepackaged Software,RBRK,NYSE,ticker in company_tickers.json,S-1,2024-04-01,8-A12B,2024-04-22,"Rubrik, Inc.",RBRK,priced,2024-04-25,matched on symbol,2024-04-25,"Finnhub calendar, priced",False,seed month agrees with evidence,True,2,,Rubrik
Tempus AI,TEM,2024,6,Nasdaq,IPO,Health Tech / AI,,"""Tempus AI""","""Tempus AI""",False,,0001717115,"Tempus AI, Inc.","Services-Computer Programming, Data Processing, Etc.",TEM,Nasdaq,ticker in company_tickers.json,S-1,2024-05-20,8-A12B,2024-06-11,"Tempus AI, Inc.",TEM,priced,2024-06-14,matched on symbol,2024-06-14,"Finnhub calendar, priced",False,seed month agrees with evidence,True,2,,Tempus AI
Slack,WORK,2019,6,NYSE,Direct Listing,Enterprise Software,Acquired by Salesforce in 2021,"""Slack"" ""software""","""Slack"" (software OR app OR ""$WORK"")",True,'slack' is an ordinary noun,,,,,,"EDGAR full-text search returned 28 registrants: SALESFORCE.COM, INC. ; Slack Technologies, Inc. ; QE BRUSHES INC ; CALADRIUS BIOSCIENCES, INC. ",,,,,"SLACK TECHNOLOGIES, INC.",WORK,priced,2019-06-20,matched on symbol,2019-06-20,"Finnhub calendar, priced",False,seed month agrees with evidence,False,9,"no CIK resolved -- EDGAR full-text search returned 28 registrants: SALESFORCE.COM, INC. ; Slack Technologies, Inc. ; QE BRUSHES INC ; CALADRIUS BIOSCIENCES, INC. ",Slack
DraftKings,DKNG,2020,4,Nasdaq,SPAC Merger,Sports Betting,,"""DraftKings""","""DraftKings""",False,,0001883685,DraftKings Inc.,Services-Miscellaneous Amusement & Recreation,DKNG,Nasdaq,ticker in company_tickers.json,S-4,2021-10-08,,,,,,,unmatched,,none found,False,no listing evidence found; seed month unverified,False,9,"SPAC merger: registers on S-4/proxy, so there is no S-1 anchor",DraftKings
Porsche AG,P911,2022,9,Frankfurt,IPO,Automotive,Carve-out from Volkswagen,"""Porsche AG""","""Porsche AG""",False,,,,,,,EDGAR full-text search returned 16 registrants: ELECTRAMECCANICA VEHICLES CORP. ; Mobileye Global Inc. ; AMERICAN BAR ASSOCIATION MEMBERS STATE STREET COLLECTIVE TR ; Zapp Electric Vehicles Group Ltd ,,,,,,,,,unmatched,,none found,False,no listing evidence found; seed month unverified,False,9,non-US listing (Frankfurt); not in the Finnhub US census,Porsche AG
Medline,,2025,12,Nasdaq,IPO,Medical Supplies,~$6.3B raised; largest IPO of 2025,"""Medline""","""Medline""",False,,,,,,,"EDGAR full-text search returned 9 registrants: Medline Inc. ; HEMOSENSE INC ; CARRINGTON LABORATORIES INC /TX/ ; Reliant Pharmaceuticals, Inc. ",,,,,,,,,unmatched,,none found,False,no listing evidence found; seed month unverified,False,9,"no CIK resolved -- EDGAR full-text search returned 9 registrants: Medline Inc. ; HEMOSENSE INC ; CARRINGTON LABORATORIES INC /TX/ ; Reliant Pharmaceuticals, Inc. ",Medline
Unitree Robotics,,2026,8,Shanghai STAR,IPO,Robotics,Raised ~CNY 6.1B (~$905M),"""Unitree""","""Unitree""",False,"unambiguous, but listed here to record it was checked",,,,,,EDGAR full-text search returned no registrant,,,,,,,,,unmatched,,none found,False,no listing evidence found; seed month unverified,False,9,non-US listing (Shanghai STAR); not in the Finnhub US census,Unitree Robotics
